{
  "lang":"ta",
  "name":"pipeline",
  "version":"0.0.0",
  "spacy_version":">=3.5.0,<3.6.0",
  "description":"",
  "author":"",
  "email":"",
  "url":"",
  "license":"",
  "spacy_git_version":"dec81508d",
  "vectors":{
    "width":0,
    "vectors":0,
    "keys":0,
    "name":null,
    "mode":"default"
  },
  "labels":{
    "tok2vec":[

    ],
    "ner":[
      "AWARD",
      "DATE",
      "LOCATION",
      "MATCH_EVENT",
      "PLAYER",
      "TEAM",
      "TOURNAMENT"
    ]
  },
  "pipeline":[
    "tok2vec",
    "ner"
  ],
  "components":[
    "tok2vec",
    "ner"
  ],
  "disabled":[

  ],
  "performance":{
    "ents_f":0.7581018519,
    "ents_p":0.7665301346,
    "ents_r":0.7498568975,
    "ents_per_type":{
      "PLAYER":{
        "p":0.8150753769,
        "r":0.8200202224,
        "f":0.8175403226
      },
      "TEAM":{
        "p":0.6995515695,
        "r":0.6652452026,
        "f":0.6819672131
      },
      "DATE":{
        "p":0.5555555556,
        "r":0.4166666667,
        "f":0.4761904762
      },
      "TOURNAMENT":{
        "p":0.7425149701,
        "r":0.775,
        "f":0.7584097859
      },
      "LOCATION":{
        "p":0.6477272727,
        "r":0.5588235294,
        "f":0.6
      },
      "AWARD":{
        "p":0.3333333333,
        "r":0.125,
        "f":0.1818181818
      },
      "MATCH_EVENT":{
        "p":0.0,
        "r":0.0,
        "f":0.0
      }
    },
    "tok2vec_loss":1097.089111241,
    "ner_loss":1793.7057486223
  }
}