{
  "lang":"ta",
  "name":"pipeline",
  "version":"0.0.0",
  "spacy_version":">=3.5.0,<3.6.0",
  "description":"",
  "author":"",
  "email":"",
  "url":"",
  "license":"",
  "spacy_git_version":"dec81508d",
  "vectors":{
    "width":0,
    "vectors":0,
    "keys":0,
    "name":null,
    "mode":"default"
  },
  "labels":{
    "tok2vec":[

    ],
    "ner":[
      "AWARD",
      "DATE",
      "LOCATION",
      "MATCH_EVENT",
      "PLAYER",
      "TEAM",
      "TOURNAMENT"
    ]
  },
  "pipeline":[
    "tok2vec",
    "ner"
  ],
  "components":[
    "tok2vec",
    "ner"
  ],
  "disabled":[

  ],
  "performance":{
    "ents_f":0.7754274123,
    "ents_p":0.7852112676,
    "ents_r":0.7658843732,
    "ents_per_type":{
      "PLAYER":{
        "p":0.8049713193,
        "r":0.8513650152,
        "f":0.8275184275
      },
      "TEAM":{
        "p":0.7806788512,
        "r":0.6375266525,
        "f":0.7018779343
      },
      "DATE":{
        "p":0.5555555556,
        "r":0.4166666667,
        "f":0.4761904762
      },
      "TOURNAMENT":{
        "p":0.762195122,
        "r":0.78125,
        "f":0.7716049383
      },
      "LOCATION":{
        "p":0.6774193548,
        "r":0.6176470588,
        "f":0.6461538462
      },
      "AWARD":{
        "p":0.4285714286,
        "r":0.375,
        "f":0.4
      },
      "MATCH_EVENT":{
        "p":0.5,
        "r":0.1428571429,
        "f":0.2222222222
      }
    },
    "tok2vec_loss":450.4861092526,
    "ner_loss":1403.9025118111
  }
}